580730,90168,2 DAISIES HAIR COMB,1,12/5/2011 17:28,2.9,,United Kingdom
580730,90170,DAISY HAIR BAND,1,12/5/2011 17:28,1.65,,United Kingdom
580730,90174,BUTTERFLY HAIR BAND,1,12/5/2011 17:28,2.48,,United Kingdom
580730,90175A,WHITE GLASS CHUNKY CHARM BRACELET,1,12/5/2011 17:28,9.15,,United Kingdom
580730,90177B,DROP DIAMANTE EARRINGS BLACK DIAMON,2,12/5/2011 17:28,2.9,,United Kingdom
580730,90184B,AMETHYST CHUNKY BEAD BRACELET W STR,1,12/5/2011 17:28,9.15,,United Kingdom
580730,90188,DROP EARRINGS W FLOWER & LEAF,1,12/5/2011 17:28,2.48,,United Kingdom
580730,90198A,VINTAGE ROSE BEAD BRACELET RASPBERR,3,12/5/2011 17:28,4.15,,United Kingdom
580730,90200D,PINK SWEETHEART BRACELET,1,12/5/2011 17:28,4.15,,United Kingdom
580730,90202D,PINK ENAMEL FLOWER HAIR TIE,1,12/5/2011 17:28,2.9,,United Kingdom
580730,90206C,CRYSTAL DIAMANTE STAR BROOCH,1,12/5/2011 17:28,4.98,,United Kingdom
580730,90211A,DIAMOND LAS VEGAS NECKLACE 45CM,1,12/5/2011 17:28,5.82,,United Kingdom
580730,DOT,DOTCOM POSTAGE,1,12/5/2011 17:28,845.23,,United Kingdom
580731,22810,SET OF 6 T-LIGHTS SNOWMEN,1,12/5/2011 17:36,2.95,17383,United Kingdom
580731,22809,SET OF 6 T-LIGHTS SANTA,1,12/5/2011 17:36,2.95,17383,United Kingdom
580731,22959,WRAP CHRISTMAS VILLAGE,25,12/5/2011 17:36,0.42,17383,United Kingdom
580731,22731,3D CHRISTMAS STAMPS STICKERS ,1,12/5/2011 17:36,1.25,17383,United Kingdom
580731,22733,3D TRADITIONAL CHRISTMAS STICKERS,1,12/5/2011 17:36,1.25,17383,United Kingdom
580731,22942,CHRISTMAS LIGHTS 10 SANTAS ,2,12/5/2011 17:36,2.95,17383,United Kingdom
580731,23109,PACK OF SIX LED TEA LIGHTS,4,12/5/2011 17:36,2.89,17383,United Kingdom
580731,20699,MOUSEY LONG LEGS SOFT TOY,1,12/5/2011 17:36,2.55,17383,United Kingdom
580731,84674,FLYING PIG WATERING CAN,1,12/5/2011 17:36,2.95,17383,United Kingdom
580731,22748,POPPY'S PLAYHOUSE KITCHEN,1,12/5/2011 17:36,2.1,17383,United Kingdom
580731,22747,POPPY'S PLAYHOUSE BATHROOM,1,12/5/2011 17:36,2.1,17383,United Kingdom
580731,22745,POPPY'S PLAYHOUSE BEDROOM ,1,12/5/2011 17:36,2.1,17383,United Kingdom
580731,22746,POPPY'S PLAYHOUSE LIVINGROOM ,1,12/5/2011 17:36,2.1,17383,United Kingdom
580731,22734,SET OF 6 RIBBONS VINTAGE CHRISTMAS,1,12/5/2011 17:36,2.89,17383,United Kingdom
580731,23378,PACK OF 12 50'S CHRISTMAS TISSUES,12,12/5/2011 17:36,0.39,17383,United Kingdom
580731,22909,SET OF 20 VINTAGE CHRISTMAS NAPKINS,1,12/5/2011 17:36,0.85,17383,United Kingdom
580731,23318,BOX OF 6 MINI VINTAGE CRACKERS,1,12/5/2011 17:36,2.49,17383,United Kingdom
580731,22377,BOTTLE BAG RETROSPOT ,2,12/5/2011 17:36,2.1,17383,United Kingdom
580731,22529,MAGIC DRAWING SLATE GO TO THE FAIR ,4,12/5/2011 17:36,0.42,17383,United Kingdom
580731,90114,SUMMER DAISIES BAG CHARM,2,12/5/2011 17:36,2.55,17383,United Kingdom
580731,23083,SET 6 PAPER TABLE LANTERN STARS ,1,12/5/2011 17:36,3.75,17383,United Kingdom
580731,22809,SET OF 6 T-LIGHTS SANTA,1,12/5/2011 17:36,2.95,17383,United Kingdom
580731,22910,PAPER CHAIN KIT VINTAGE CHRISTMAS,1,12/5/2011 17:36,2.95,17383,United Kingdom
580731,84012,MAGIC SHEEP WOOL GROWING FROM PAPER,2,12/5/2011 17:36,0.85,17383,United Kingdom
580731,84006,MAGIC TREE -PAPER FLOWERS,12,12/5/2011 17:36,0.85,17383,United Kingdom
580731,22534,MAGIC DRAWING SLATE SPACEBOY ,1,12/5/2011 17:36,0.42,17383,United Kingdom
580731,20973,12 PENCIL SMALL TUBE WOODLAND,1,12/5/2011 17:36,0.65,17383,United Kingdom
580731,21828,EIGHT PIECE SNAKE  SET,1,12/5/2011 17:36,1.25,17383,United Kingdom
580731,90094,NECKLACE+BRACELET SET FRUIT SALAD ,1,12/5/2011 17:36,2.55,17383,United Kingdom
580731,22086,PAPER CHAIN KIT 50'S CHRISTMAS ,1,12/5/2011 17:36,2.95,17383,United Kingdom
580731,23353,6 GIFT TAGS VINTAGE CHRISTMAS ,2,12/5/2011 17:36,0.83,17383,United Kingdom
580731,85096,HILDA CANDY SPOT RABBIT,1,12/5/2011 17:36,3.75,17383,United Kingdom
580731,22278,OVERNIGHT BAG VINTAGE ROSE PAISLEY,1,12/5/2011 17:36,4.95,17383,United Kingdom
580731,23365,SET 12 COLOUR PENCILS LOVE LONDON,1,12/5/2011 17:36,0.65,17383,United Kingdom
580731,21640,ASSORTED TUTTI FRUTTI  FOB NOTEBOOK,2,12/5/2011 17:36,0.85,17383,United Kingdom
580731,21642,ASSORTED TUTTI FRUTTI PEN,2,12/5/2011 17:36,0.29,17383,United Kingdom
580731,23351,ROLL WRAP 50'S CHRISTMAS,2,12/5/2011 17:36,1.25,17383,United Kingdom
580731,23349,ROLL WRAP VINTAGE CHRISTMAS,1,12/5/2011 17:36,1.25,17383,United Kingdom
580731,72598,SET/12 TAPER CANDLES,3,12/5/2011 17:36,0.85,17383,United Kingdom
580731,23371,SET 36 COLOUR PENCILS SPACEBOY ,1,12/5/2011 17:36,1.25,17383,United Kingdom
580731,22489,PACK OF 12 TRADITIONAL CRAYONS,5,12/5/2011 17:36,0.42,17383,United Kingdom
580731,22810,SET OF 6 T-LIGHTS SNOWMEN,1,12/5/2011 17:36,2.95,17383,United Kingdom
580731,23090,VINTAGE GLASS T-LIGHT HOLDER,12,12/5/2011 17:36,0.83,17383,United Kingdom
580731,21317,GLASS SPHERE CANDLE STAND MEDIUM,4,12/5/2011 17:36,5.45,17383,United Kingdom
580731,22075,6 RIBBONS ELEGANT CHRISTMAS ,3,12/5/2011 17:36,0.39,17383,United Kingdom
580731,85049A,TRADITIONAL CHRISTMAS RIBBONS,3,12/5/2011 17:36,1.25,17383,United Kingdom
580731,23311,VINTAGE CHRISTMAS STOCKING ,5,12/5/2011 17:36,2.55,17383,United Kingdom
580731,85049E,SCANDINAVIAN REDS RIBBONS,4,12/5/2011 17:36,1.25,17383,United Kingdom
580731,22738,RIBBON REEL SNOWY VILLAGE,5,12/5/2011 17:36,1.65,17383,United Kingdom
580731,22906,12 MESSAGE CARDS WITH ENVELOPES,5,12/5/2011 17:36,1.65,17383,United Kingdom
580731,21034,REX CASH+CARRY JUMBO SHOPPER,1,12/5/2011 17:36,0.95,17383,United Kingdom
580732,23079,TOADSTOOL BEDSIDE LIGHT ,1,12/5/2011 17:43,8.95,,United Kingdom
580732,23108,SET OF 10 LED DOLLY LIGHTS,1,12/5/2011 17:43,6.25,,United Kingdom
580732,20972,PINK CREAM FELT CRAFT TRINKET BOX ,2,12/5/2011 17:43,1.25,,United Kingdom
580732,22969,HOMEMADE JAM SCENTED CANDLES,12,12/5/2011 17:43,1.45,,United Kingdom
580733,85099C,JUMBO  BAG BAROQUE BLACK WHITE,10,12/6/2011 08:37,2.08,16929,United Kingdom
580733,21429,RED GINGHAM ROSE JEWELLERY BOX,16,12/6/2011 08:37,1.95,16929,United Kingdom
580733,21479,WHITE SKULL HOT WATER BOTTLE ,4,12/6/2011 08:37,4.25,16929,United Kingdom
580733,84596F,SMALL MARSHMALLOWS PINK BOWL,32,12/6/2011 08:37,0.42,16929,United Kingdom
580733,84596B,SMALL DOLLY MIX DESIGN ORANGE BOWL,32,12/6/2011 08:37,0.42,16929,United Kingdom
580733,21115,ROSE CARAVAN DOORSTOP,8,12/6/2011 08:37,1.95,16929,United Kingdom
580733,21411,GINGHAM HEART  DOORSTOP RED,8,12/6/2011 08:37,1.95,16929,United Kingdom
580733,22806,SET OF 6 T-LIGHTS WEDDING CAKE ,12,12/6/2011 08:37,1.25,16929,United Kingdom
580733,23207,LUNCH BAG ALPHABET DESIGN,10,12/6/2011 08:37,1.65,16929,United Kingdom
580733,22577,WOODEN HEART CHRISTMAS SCANDINAVIAN,48,12/6/2011 08:37,0.29,16929,United Kingdom
580733,20712,JUMBO BAG WOODLAND ANIMALS,10,12/6/2011 08:37,2.08,16929,United Kingdom
580733,22513,DOORSTOP FOOTBALL DESIGN,16,12/6/2011 08:37,0.79,16929,United Kingdom
580734,20725,LUNCH BAG RED RETROSPOT,20,12/6/2011 08:46,1.65,12766,Portugal
580734,20728,LUNCH BAG CARS BLUE,10,12/6/2011 08:46,1.65,12766,Portugal
580734,23583,LUNCH BAG PAISLEY PARK  ,30,12/6/2011 08:46,1.65,12766,Portugal
580734,23582,VINTAGE DOILY JUMBO BAG RED ,20,12/6/2011 08:46,2.08,12766,Portugal
580734,23581,JUMBO BAG PAISLEY PARK,30,12/6/2011 08:46,2.08,12766,Portugal
580734,20718,RED RETROSPOT SHOPPER BAG,10,12/6/2011 08:46,1.25,12766,Portugal
580734,22138,BAKING SET 9 PIECE RETROSPOT ,3,12/6/2011 08:46,4.95,12766,Portugal
580734,22139,RETROSPOT TEA SET CERAMIC 11 PC ,6,12/6/2011 08:46,4.95,12766,Portugal
580734,85099B,JUMBO BAG RED RETROSPOT,20,12/6/2011 08:46,2.08,12766,Portugal
580734,23319,BOX OF 6 MINI 50'S CRACKERS,12,12/6/2011 08:46,2.49,12766,Portugal
580734,21430,SET/3 RED GINGHAM ROSE STORAGE BOX,4,12/6/2011 08:46,3.75,12766,Portugal
580734,21485,RETROSPOT HEART HOT WATER BOTTLE,6,12/6/2011 08:46,4.95,12766,Portugal
580734,22114,HOT WATER BOTTLE TEA AND SYMPATHY,4,12/6/2011 08:46,4.25,12766,Portugal
580734,23108,SET OF 10 LED DOLLY LIGHTS,2,12/6/2011 08:46,6.25,12766,Portugal
580734,84375,SET OF 20 KIDS COOKIE CUTTERS,12,12/6/2011 08:46,2.1,12766,Portugal
580734,23355,HOT WATER BOTTLE KEEP CALM,12,12/6/2011 08:46,4.95,12766,Portugal
580734,23357,HOT WATER BOTTLE SEX BOMB,8,12/6/2011 08:46,4.95,12766,Portugal
580734,23356,LOVE HOT WATER BOTTLE,6,12/6/2011 08:46,5.95,12766,Portugal
580734,22601,CHRISTMAS RETROSPOT ANGEL WOOD,12,12/6/2011 08:46,0.85,12766,Portugal
580734,22600,CHRISTMAS RETROSPOT STAR WOOD,12,12/6/2011 08:46,0.85,12766,Portugal
580734,22602,RETROSPOT WOODEN HEART DECORATION,24,12/6/2011 08:46,0.85,12766,Portugal
580734,POST,POSTAGE,4,12/6/2011 08:46,28,12766,Portugal
580735,22996,TRAVEL CARD WALLET VINTAGE TICKET,24,12/6/2011 08:52,0.42,17728,United Kingdom
580735,22584,PACK OF 6 PANETTONE GIFT BOXES,6,12/6/2011 08:52,2.55,17728,United Kingdom
580735,22813,PACK 3 BOXES BIRD PANETTONE ,12,12/6/2011 08:52,1.95,17728,United Kingdom
580735,23301,GARDENERS KNEELING PAD KEEP CALM ,12,12/6/2011 08:52,1.65,17728,United Kingdom
580735,23300,GARDENERS KNEELING PAD CUP OF TEA ,12,12/6/2011 08:52,1.65,17728,United Kingdom
580735,22556,PLASTERS IN TIN CIRCUS PARADE ,12,12/6/2011 08:52,1.65,17728,United Kingdom
580735,22554,PLASTERS IN TIN WOODLAND ANIMALS,12,12/6/2011 08:52,1.65,17728,United Kingdom
580735,22139,RETROSPOT TEA SET CERAMIC 11 PC ,3,12/6/2011 08:52,4.95,17728,United Kingdom
580735,84077,WORLD WAR 2 GLIDERS ASSTD DESIGNS,48,12/6/2011 08:52,0.29,17728,United Kingdom
580735,22751,FELTCRAFT PRINCESS OLIVIA DOLL,4,12/6/2011 08:52,3.75,17728,United Kingdom
580735,22274,FELTCRAFT DOLL EMILY,6,12/6/2011 08:52,2.95,17728,United Kingdom
580735,22273,FELTCRAFT DOLL MOLLY,6,12/6/2011 08:52,2.95,17728,United Kingdom
580735,20972,PINK CREAM FELT CRAFT TRINKET BOX ,12,12/6/2011 08:52,1.25,17728,United Kingdom
580735,20975,12 PENCILS SMALL TUBE RED RETROSPOT,24,12/6/2011 08:52,0.65,17728,United Kingdom
580735,22632,HAND WARMER RED RETROSPOT,12,12/6/2011 08:52,2.1,17728,United Kingdom
580735,23439,HAND WARMER RED LOVE HEART,12,12/6/2011 08:52,2.1,17728,United Kingdom
580735,22865,HAND WARMER OWL DESIGN,12,12/6/2011 08:52,2.1,17728,United Kingdom
580735,23355,HOT WATER BOTTLE KEEP CALM,4,12/6/2011 08:52,4.95,17728,United Kingdom
580735,21479,WHITE SKULL HOT WATER BOTTLE ,4,12/6/2011 08:52,4.25,17728,United Kingdom
580735,22114,HOT WATER BOTTLE TEA AND SYMPATHY,4,12/6/2011 08:52,4.25,17728,United Kingdom
580735,21930,JUMBO STORAGE BAG SKULLS,10,12/6/2011 08:52,2.08,17728,United Kingdom
580735,21936,RED RETROSPOT PICNIC BAG,5,12/6/2011 08:52,2.95,17728,United Kingdom
580735,20725,LUNCH BAG RED RETROSPOT,10,12/6/2011 08:52,1.65,17728,United Kingdom
580735,85099B,JUMBO BAG RED RETROSPOT,10,12/6/2011 08:52,2.08,17728,United Kingdom
580735,23209,LUNCH BAG VINTAGE DOILY ,10,12/6/2011 08:52,1.65,17728,United Kingdom
580735,23203,JUMBO BAG VINTAGE DOILY ,10,12/6/2011 08:52,2.08,17728,United Kingdom
580735,23240,SET OF 4 KNICK KNACK TINS DOILY ,6,12/6/2011 08:52,4.15,17728,United Kingdom
580735,23298,SPOTTY BUNTING,3,12/6/2011 08:52,4.95,17728,United Kingdom
580735,22625,RED KITCHEN SCALES,2,12/6/2011 08:52,8.5,17728,United Kingdom
580735,22690,DOORMAT HOME SWEET HOME BLUE ,2,12/6/2011 08:52,8.25,17728,United Kingdom
580735,23284,DOORMAT KEEP CALM AND COME IN,2,12/6/2011 08:52,8.25,17728,United Kingdom
580735,23344,JUMBO BAG 50'S CHRISTMAS ,10,12/6/2011 08:52,2.08,17728,United Kingdom
580736,23580,SNACK TRAY HAPPY FOREST  ,8,12/6/2011 08:55,1.95,12716,France
580736,23570,TRADITIONAL PICK UP STICKS GAME ,12,12/6/2011 08:55,1.25,12716,France
580736,21706,FOLDING UMBRELLA RED/WHITE POLKADOT,4,12/6/2011 08:55,4.95,12716,France
580736,21707,FOLDING UMBRELLA BLACKBLUE POLKADOT,4,12/6/2011 08:55,4.95,12716,France
580736,22431,WATERING CAN BLUE ELEPHANT,6,12/6/2011 08:55,1.95,12716,France
580736,47566,PARTY BUNTING,4,12/6/2011 08:55,4.95,12716,France
580736,22367,CHILDRENS APRON SPACEBOY DESIGN,8,12/6/2011 08:55,1.95,12716,France
580736,22326,ROUND SNACK BOXES SET OF4 WOODLAND ,6,12/6/2011 08:55,2.95,12716,France
580736,22328,ROUND SNACK BOXES SET OF 4 FRUITS ,6,12/6/2011 08:55,2.95,12716,France
580736,79191C,RETRO PLASTIC ELEPHANT TRAY,12,12/6/2011 08:55,0.85,12716,France
580736,23245,SET OF 3 REGENCY CAKE TINS,4,12/6/2011 08:55,4.95,12716,France
580736,23115,RED APPLES CHOPPING BOARD   ,3,12/6/2011 08:55,4.95,12716,France
580736,20676,RED RETROSPOT BOWL,8,12/6/2011 08:55,1.25,12716,France
580736,85114C,RED ENCHANTED FOREST PLACEMAT,6,12/6/2011 08:55,1.65,12716,France
580736,22636,CHILDS BREAKFAST SET CIRCUS PARADE,2,12/6/2011 08:55,8.5,12716,France
580736,22303,COFFEE MUG APPLES DESIGN,6,12/6/2011 08:55,2.55,12716,France
580736,22302,COFFEE MUG PEARS  DESIGN,6,12/6/2011 08:55,2.55,12716,France
580736,22301,COFFEE MUG CAT + BIRD DESIGN,6,12/6/2011 08:55,2.55,12716,France
580736,22437,SET OF 9 BLACK SKULL BALLOONS,20,12/6/2011 08:55,0.85,12716,France
580736,22923,FRIDGE MAGNETS LES ENFANTS ASSORTED,12,12/6/2011 08:55,0.85,12716,France
580736,22924,FRIDGE MAGNETS LA VIE EN ROSE,12,12/6/2011 08:55,0.85,12716,France
580736,22610,PENS ASSORTED FUNNY FACE,36,12/6/2011 08:55,0.19,12716,France
580736,23505,PLAYING CARDS I LOVE LONDON ,12,12/6/2011 08:55,1.25,12716,France
580736,POST,POSTAGE,2,12/6/2011 08:55,18,12716,France
580737,23493,VINTAGE DOILY TRAVEL SEWING KIT,10,12/6/2011 09:05,1.95,14140,United Kingdom
580737,22539,MINI JIGSAW DOLLY GIRL,48,12/6/2011 09:05,0.19,14140,United Kingdom
580737,22951,60 CAKE CASES DOLLY GIRL DESIGN,24,12/6/2011 09:05,0.55,14140,United Kingdom
580737,23291,DOLLY GIRL CHILDRENS CUP,8,12/6/2011 09:05,1.25,14140,United Kingdom
580737,21889,WOODEN BOX OF DOMINOES,12,12/6/2011 09:05,1.25,14140,United Kingdom
580737,21703,BAG 125g SWIRLY MARBLES,12,12/6/2011 09:05,0.42,14140,United Kingdom
580737,21791,VINTAGE HEADS AND TAILS CARD GAME ,12,12/6/2011 09:05,1.25,14140,United Kingdom
580737,21891,TRADITIONAL WOODEN SKIPPING ROPE,12,12/6/2011 09:05,1.45,14140,United Kingdom
580737,22549,PICTURE DOMINOES,12,12/6/2011 09:05,1.45,14140,United Kingdom
580737,21914,BLUE HARMONICA IN BOX ,12,12/6/2011 09:05,1.25,14140,United Kingdom
580737,22620,4 TRADITIONAL SPINNING TOPS,12,12/6/2011 09:05,1.45,14140,United Kingdom
580737,21314,SMALL GLASS HEART TRINKET POT,8,12/6/2011 09:05,2.1,14140,United Kingdom
580737,21731,RED TOADSTOOL LED NIGHT LIGHT,12,12/6/2011 09:05,1.65,14140,United Kingdom
580737,23480,MINI LIGHTS WOODLAND MUSHROOMS,4,12/6/2011 09:05,3.75,14140,United Kingdom
580737,23082,SET 6 PAPER TABLE LANTERN HEARTS ,6,12/6/2011 09:05,3.75,14140,United Kingdom
580737,22142,CHRISTMAS CRAFT WHITE FAIRY ,12,12/6/2011 09:05,1.45,14140,United Kingdom
580737,22086,PAPER CHAIN KIT 50'S CHRISTMAS ,6,12/6/2011 09:05,2.95,14140,United Kingdom
580737,22909,SET OF 20 VINTAGE CHRISTMAS NAPKINS,12,12/6/2011 09:05,0.85,14140,United Kingdom
580737,20972,PINK CREAM FELT CRAFT TRINKET BOX ,12,12/6/2011 09:05,1.25,14140,United Kingdom
580737,22150,3 STRIPEY MICE FELTCRAFT,6,12/6/2011 09:05,1.95,14140,United Kingdom
580737,20971,PINK BLUE FELT CRAFT TRINKET BOX,12,12/6/2011 09:05,1.25,14140,United Kingdom
580737,22274,FELTCRAFT DOLL EMILY,6,12/6/2011 09:05,2.95,14140,United Kingdom
580737,22300,COFFEE MUG DOG + BALL DESIGN,6,12/6/2011 09:05,2.55,14140,United Kingdom
580737,22303,COFFEE MUG APPLES DESIGN,6,12/6/2011 09:05,2.55,14140,United Kingdom
580737,22301,COFFEE MUG CAT + BIRD DESIGN,6,12/6/2011 09:05,2.55,14140,United Kingdom
580737,22302,COFFEE MUG PEARS  DESIGN,6,12/6/2011 09:05,2.55,14140,United Kingdom
580738,21166,COOK WITH WINE METAL SIGN ,12,12/6/2011 09:06,2.08,17666,United Kingdom
580738,21169,YOU'RE CONFUSING ME METAL SIGN ,12,12/6/2011 09:06,1.69,17666,United Kingdom
580738,23329,DECORATIVE WICKER HEART LARGE,60,12/6/2011 09:06,1.65,17666,United Kingdom
580738,23332,IVORY WICKER HEART LARGE,60,12/6/2011 09:06,1.65,17666,United Kingdom
580738,84661C,PINK SQUARE TABLE CLOCK,48,12/6/2011 09:06,0.79,17666,United Kingdom
580738,84661A,WHITE SQUARE TABLE CLOCK,48,12/6/2011 09:06,0.79,17666,United Kingdom
580739,23344,JUMBO BAG 50'S CHRISTMAS ,3,12/6/2011 09:09,2.08,,United Kingdom
580739,21896,POTTING SHED TWINE,2,12/6/2011 09:09,2.1,,United Kingdom
C580740,20978,36 PENCILS TUBE SKULLS,-16,12/6/2011 09:25,1.25,12479,Germany
C580740,20979,36 PENCILS TUBE RED RETROSPOT,-12,12/6/2011 09:25,1.25,12479,Germany
C580741,23084,RABBIT NIGHT LIGHT,-2,12/6/2011 09:29,2.08,17659,United Kingdom
C580741,22776,SWEETHEART 3 TIER CAKE STAND ,-1,12/6/2011 09:29,9.95,17659,United Kingdom
580742,22411,JUMBO SHOPPER VINTAGE RED PAISLEY,100,12/6/2011 09:30,1.75,13694,United Kingdom
580742,21930,JUMBO STORAGE BAG SKULLS,100,12/6/2011 09:30,1.75,13694,United Kingdom
580742,23343,JUMBO BAG VINTAGE CHRISTMAS ,200,12/6/2011 09:30,1.75,13694,United Kingdom
580742,23344,JUMBO BAG 50'S CHRISTMAS ,200,12/6/2011 09:30,1.75,13694,United Kingdom
580742,23582,VINTAGE DOILY JUMBO BAG RED ,100,12/6/2011 09:30,1.75,13694,United Kingdom
580743,47591B,,1,12/6/2011 09:30,0,,United Kingdom
580744,23552,BICYCLE PUNCTURE REPAIR KIT ,72,12/6/2011 09:31,1.79,13694,United Kingdom
580744,23498,CLASSIC BICYCLE CLIPS ,12,12/6/2011 09:31,1.45,13694,United Kingdom
580744,23598,PAPER BUNTING VINTAGE PARTY,80,12/6/2011 09:31,2.55,13694,United Kingdom
580744,21905,MORE BUTTER METAL SIGN ,72,12/6/2011 09:31,0.79,13694,United Kingdom
580744,22096,PINK PAISLEY SQUARE TISSUE BOX ,216,12/6/2011 09:31,0.39,13694,United Kingdom
580744,22097,SWALLOW SQUARE TISSUE BOX,216,12/6/2011 09:31,0.39,13694,United Kingdom
580744,22100,SKULLS SQUARE TISSUE BOX,108,12/6/2011 09:31,0.39,13694,United Kingdom
580744,22209,WOOD STAMP SET HAPPY BIRTHDAY,60,12/6/2011 09:31,0.83,13694,United Kingdom
580744,22210,WOOD STAMP SET BEST WISHES,60,12/6/2011 09:31,0.83,13694,United Kingdom
580744,22939,ADULT APRON APPLE DELIGHT,50,12/6/2011 09:31,4.25,13694,United Kingdom
580744,22899,CHILDREN'S APRON DOLLY GIRL ,50,12/6/2011 09:31,1.85,13694,United Kingdom
580744,22990,COTTON APRON PANTRY DESIGN,50,12/6/2011 09:31,4.25,13694,United Kingdom
580744,47591D,PINK FAIRY CAKE CHILDRENS APRON,50,12/6/2011 09:31,1.65,13694,United Kingdom
580744,20682,RED RETROSPOT CHILDRENS UMBRELLA,60,12/6/2011 09:31,2.75,13694,United Kingdom
580744,21080,SET/20 RED RETROSPOT PAPER NAPKINS ,96,12/6/2011 09:31,0.72,13694,United Kingdom
580744,20718,RED RETROSPOT SHOPPER BAG,100,12/6/2011 09:31,1.06,13694,United Kingdom
580744,22134,MINI LADLE LOVE HEART RED ,288,12/6/2011 09:31,0.36,13694,United Kingdom
580745,23681,LUNCH BAG RED VINTAGE DOILY,100,12/6/2011 09:32,1.45,13694,United Kingdom
580746,21733,RED HANGING HEART T-LIGHT HOLDER,6,12/6/2011 09:35,2.95,12584,Italy
580746,85123A,WHITE HANGING HEART T-LIGHT HOLDER,18,12/6/2011 09:35,2.95,12584,Italy
580746,22847,BREAD BIN DINER STYLE IVORY,1,12/6/2011 09:35,16.95,12584,Italy
580746,22846,BREAD BIN DINER STYLE RED ,1,12/6/2011 09:35,16.95,12584,Italy
580746,22667,RECIPE BOX RETROSPOT ,6,12/6/2011 09:35,2.95,12584,Italy
580746,48138,DOORMAT UNION FLAG,2,12/6/2011 09:35,8.25,12584,Italy
580746,22627,MINT KITCHEN SCALES,2,12/6/2011 09:35,8.5,12584,Italy
580746,22720,SET OF 3 CAKE TINS PANTRY DESIGN ,9,12/6/2011 09:35,4.95,12584,Italy
C580747,79321,CHILLI LIGHTS,-1,12/6/2011 09:46,5.75,17611,United Kingdom
580748,21058,PARTY INVITES WOODLAND,1,12/6/2011 09:48,0.85,,United Kingdom
580748,21063,PARTY INVITES JAZZ HEARTS,1,12/6/2011 09:48,0.85,,United Kingdom
580748,22288,HANGING METAL RABBIT DECORATION,2,12/6/2011 09:48,1.25,,United Kingdom
580748,23040,PAPER LANTERN 9 POINT SNOW STAR ,1,12/6/2011 09:48,5.75,,United Kingdom
C580749,22940,FELTCRAFT CHRISTMAS FAIRY,-12,12/6/2011 09:49,0.5,18167,United Kingdom
580757,22910,PAPER CHAIN KIT VINTAGE CHRISTMAS,6,12/6/2011 10:27,2.95,13709,United Kingdom
580758,23575,SNACK TRAY PAISLEY PARK,8,12/6/2011 10:28,1.95,13709,United Kingdom
580758,23578,SNACK TRAY RED GINGHAM,8,12/6/2011 10:28,1.95,13709,United Kingdom
580759,22072,RED RETROSPOT TEA CUP AND SAUCER ,12,12/6/2011 10:30,1.25,17593,United Kingdom
580759,21592,RETROSPOT CIGAR BOX MATCHES ,24,12/6/2011 10:30,0.39,17593,United Kingdom
580759,22059,CERAMIC STRAWBERRY DESIGN MUG,24,12/6/2011 10:30,0.39,17593,United Kingdom
580759,22076,6 RIBBONS EMPIRE  ,24,12/6/2011 10:30,0.39,17593,United Kingdom
580759,22119,PEACE WOODEN BLOCK LETTERS,12,12/6/2011 10:30,1.95,17593,United Kingdom
580759,22215,CAKE STAND WHITE TWO TIER LACE,6,12/6/2011 10:30,2.95,17593,United Kingdom